{"name":"Front","data":{"shader":"phong","ambient":[0.12549,0.12549,0.12549],"diffuse":[0.12549,0.12549,0.12549],"specular":[0,0,0],"shininess":9.09091,"emissive":[0,0,0],"opacity":1}}