{"name":"Silver","data":{"shader":"phong","ambient":[0.592157,0.592157,0.592157],"diffuse":[0.592157,0.592157,0.592157],"specular":[0,0,0],"shininess":9.09091,"emissive":[0,0,0],"opacity":1}}